<?xml version="1.0" encoding="UTF-8"?>
<!DOCTYPE hibernate-mapping PUBLIC 
    "-//Hibernate/Hibernate Mapping DTD 3.0//EN"
    "http://hibernate.sourceforge.net/hibernate-mapping-3.0.dtd">
<hibernate-mapping>
  <class name="com.cog.entity.Room" table="room">
	   <id name="roomNo" type="int" column="Room_NO" >
	   <generator class="identity"/>
	  </id>
     
	  <property name="location">
		 <column name="Location" />
	  </property>
	  <property name="capacity">
		 <column name="Capacity" />
	  </property>
	  
	  	  <property name="sys_AVL">
		 <column name="SYSTEM_AVL" />
	  </property>
	  <property name="proj_AVL">
		 <column name="PROJECTOR_AVL" />
	  </property>
	  
	  
   </class>  

</hibernate-mapping>