<?xml version="1.0" encoding="UTF-8"?>
<!DOCTYPE hibernate-configuration PUBLIC
"-//Hibernate/Hibernate Configuration DTD//EN"
"http://hibernate.sourceforge.net/hibernate-configuration-3.0.dtd">
<hibernate-configuration>
	<session-factory>
		 <property name="hibernate.connection.driver_class">com.mysql.jdbc.Driver</property>
      <property name="hibernate.connection.url">jdbc:mysql://localhost:3306/eventdb</property>
      <property name="hibernate.connection.username">root</property>
      <property name="hibernate.connection.password">root</property>
      <property name="hibernate.connection.pool_size">10</property>
      <property name="show_sql">true</property>
      <property name="dialect">org.hibernate.dialect.MySQLDialect</property>
      <property name="hibernate.hbm2ddl.auto">update</property>
		<!-- Mapping files -->
		<mapping class="com.cts.EventMaster" />
		<mapping class="com.cts.CustomerMaster" />
		<mapping class="com.cts.booking.entity.Event" />
		<mapping class="com.cts.booking.entity.Booking" />
		<mapping class="com.cts.booking.entity.Customer" />
		<mapping class="com.cts.booking.entity.NewCustomer" />
		<mapping class="com.cts.booking.entity.ExistingCustomer" />
		<mapping class="com.cts.booking.entity.Location" />
	</session-factory>
</hibernate-configuration>