<?xml version="1.0" encoding="UTF-8"?>
<!DOCTYPE hibernate-mapping PUBLIC 
    "-//Hibernate/Hibernate Mapping DTD 3.0//EN"
    "http://hibernate.sourceforge.net/hibernate-mapping-3.0.dtd">
<hibernate-mapping>
  <class name="com.cts.entity.Location" table="Location_Rest">
	   <id name="locationId" type="int" column="Location_Id" >
	   <generator class="generated"/>
	  </id>
     
    <!-- discriminator type="string" column="ObjectName"/ -->
   <!-- discriminator-value="locationobj" -->
	  <property name="name">
		 <column name="Name"/>
	  </property>
	  	
	  <!-- 	<subclass name="com.cts.entity.NewCustomer" discriminator-value="Newcustomerobj"/>
	    <subclass name="com.cts.entity.ExistingCustomer" discriminator-value="Existcustomerobj">
	     <property name="points">
		 <column name="Points"/>
	  </property>
	 
	  </subclass>   
	   --> 
   </class>  

</hibernate-mapping>