<?xml version="1.0" encoding="UTF-8"?>
<!DOCTYPE hibernate-mapping PUBLIC 
    "-//Hibernate/Hibernate Mapping DTD 3.0//EN"
    "http://hibernate.sourceforge.net/hibernate-mapping-3.0.dtd">
<hibernate-mapping>
  <class name="com.cts.entity.Customer" table="SingleINH_Customer" discriminator-value="customerobj">
	   <id name="customerId" type="int" column="Customer_Id" >
	   <generator class="assigned"/>
	  </id>
     
    <discriminator type="string" column="ObjectName"/>
   
	  <property name="name">
		 <column name="Name"/>
	  </property>
	  	
	  	<subclass name="com.cts.entity.NewCustomer" discriminator-value="Newcustomerobj"/>
	    <subclass name="com.cts.entity.ExistingCustomer" discriminator-value="Existcustomerobj">
	     <property name="points">
		 <column name="Points"/>
	  </property>
	  </subclass>    
   </class>  

</hibernate-mapping>